{"cameraMode":{"drawMode":0,"name":"Shaded","section":"Shading Mode"},"sceneLighting":true,"audioPlay":false,"sceneViewState":{"m_AlwaysRefresh":false,"showFog":true,"showSkybox":true,"showFlares":true,"showImageEffects":true,"showParticleSystems":true,"showVisualEffectGraphs":true,"m_FxEnabled":true},"in2DMode":false,"pivot":{"x":22.104629516601564,"y":0.7126463055610657,"z":85.41978454589844},"rotation":{"x":-0.0653190016746521,"y":0.03680945187807083,"z":-0.002409807639196515,"w":-0.9971914291381836},"size":52.2396240234375,"orthographic":true}